Time,Day_of_week,Age_band_of_driver,Sex_of_driver,Educational_level,Vehicle_driver_relation,Driving_experience,Type_of_vehicle,Owner_of_vehicle,Service_year_of_vehicle,Defect_of_vehicle,Area_accident_occured,Lanes_or_Medians,Road_allignment,Types_of_Junction,Road_surface_type,Road_surface_conditions,Light_conditions,Weather_conditions,Type_of_collision,Number_of_vehicles_involved,Number_of_casualties,Vehicle_movement,Casualty_class,Sex_of_casualty,Age_band_of_casualty,Casualty_severity,Work_of_casuality,Fitness_of_casuality,Pedestrian_movement,Cause_of_accident,Accident_severity,Hour,Time_period
17:15:00,Tuesday,Over 51,Male,Junior high school,Employee,2-5yr,Public (13?45 seats),Owner,2-5yrs,Unknown,Office areas,Double carriageway (median),Tangent road with flat terrain,Y Shape,Asphalt roads,Dry,Daylight,Normal,Collision with roadside objects,2,1,Going straight,Driver or rider,Female,Over 51,2,Driver,Normal,Not a Pedestrian,No priority to vehicle,Slight Injury,17,Evening
17:15:00,Tuesday,18-30,Male,Junior high school,Employee,5-10yr,Special vehicle,Owner,2-5yrs,No defect,Office areas,Double carriageway (median),Tangent road with flat terrain,Y Shape,Asphalt roads,Dry,Daylight,Normal,Collision with pedestrians,2,1,Going straight,na,na,na,na,Driver,Normal,Not a Pedestrian,No distancing,Slight Injury,17,Evening
18:30:00,Wednesday,31-50,Male,High school,Employee,Above 10yr,Lorry (41?100Q),Unknown,Unknown,No defect,Other,Two-way (divided with broken lines road marking),Tangent road with flat terrain,Y Shape,Asphalt roads,Wet or damp,Darkness - lights lit,Normal,Vehicle with vehicle collision,1,1,Reversing,Driver or rider,Male,18-30,3,Driver,Normal,Not a Pedestrian,No priority to vehicle,Slight Injury,18,Evening
18:00:00,Tuesday,Unknown,Male,High school,Employee,Above 10yr,Lorry (41?100Q),Owner,Unknown,No defect,Other,Two-way (divided with broken lines road marking),Tangent road with flat terrain,Y Shape,Asphalt roads,Dry,Darkness - lights lit,Normal,Vehicle with vehicle collision,3,1,Going straight,na,na,na,na,Driver,Normal,Not a Pedestrian,Driving under the influence of drugs,Serious Injury,18,Evening
18:00:00,Tuesday,31-50,Male,Junior high school,Employee,5-10yr,Public (> 45 seats),Owner,Above 10yr,No defect,Residential areas,Two-way (divided with broken lines road marking),Tangent road with flat terrain,Y Shape,Asphalt roads,Dry,Darkness - lights lit,Normal,Vehicle with vehicle collision,3,1,Reversing,Driver or rider,Male,31-50,3,Driver,Normal,Not a Pedestrian,Changing lane to the right,Serious Injury,18,Evening
18:00:00,Tuesday,Unknown,Male,Elementary school,Employee,1-2yr,Automobile,Owner,Unknown,Unknown,Church areas,Two-way (divided with broken lines road marking),Tangent road with flat terrain,Y Shape,Asphalt roads,Dry,Darkness - lights lit,Normal,Vehicle with vehicle collision,3,1,Other,na,na,na,na,Driver,Normal,Not a Pedestrian,No distancing,Serious Injury,18,Evening
8:40:00,Monday,Unknown,Male,Elementary school,Employee,5-10yr,Automobile,Governmental,Unknown,No defect,Church areas,Double carriageway (median),Tangent road with flat terrain,No junction,Asphalt roads,Dry,Daylight,Normal,Vehicle with vehicle collision,2,1,Unknown,Driver or rider,Male,31-50,3,Employee,Normal,Not a Pedestrian,No distancing,Slight Injury,8,Morning
8:40:00,Monday,Unknown,Female,Junior high school,Employee,5-10yr,Automobile,Owner,2-5yrs,No defect,Residential areas,Double carriageway (median),Tangent road with flat terrain,No junction,Asphalt roads,Dry,Daylight,Normal,Vehicle with vehicle collision,2,1,Going straight,Driver or rider,Male,18-30,3,Unknown,Normal,Not a Pedestrian,Changing lane to the left,Slight Injury,8,Morning
19:30:00,Monday,Unknown,Male,Junior high school,Employee,1-2yr,Public (> 45 seats),Owner,Unknown,No defect,Office areas,Two-way (divided with broken lines road marking),Tangent road with mild grade and flat terrain,No junction,Asphalt roads,Wet or damp,Darkness - lights lit,Raining,Vehicle with vehicle collision,2,1,Going straight,na,na,na,na,Driver,Normal,Not a Pedestrian,Changing lane to the right,Slight Injury,19,Evening
19:30:00,Monday,31-50,Male,Junior high school,Owner,5-10yr,Lorry (11?40Q),Owner,5-10yrs,No defect,Office areas,Two-way (divided with broken lines road marking),Tangent road with mild grade and flat terrain,No junction,Asphalt roads,Wet or damp,Darkness - lights lit,Raining,Collision with roadside objects,2,1,Going straight,na,na,na,na,Unknown,Unknown,Not a Pedestrian,Changing lane to the right,Slight Injury,19,Evening
21:25:00,Monday,Unknown,Female,High school,Owner,Above 10yr,Pick up upto 10Q,Owner,2-5yrs,Unknown,Residential areas,Two-way (divided with broken lines road marking),Tangent road with flat terrain,Y Shape,Asphalt roads,Wet or damp,Darkness - lights lit,Raining,Rollover,2,1,Going straight,Driver or rider,Male,31-50,3,Self-employed,Normal,Not a Pedestrian,Driving under the influence of drugs,Slight Injury,21,Night
21:25:00,Monday,Under 18,Male,Unknown,Owner,Below 1yr,Lorry (11?40Q),Owner,5-10yrs,Unknown,Church areas,other,Tangent road with flat terrain,Y Shape,Gravel roads,Wet or damp,Darkness - lights lit,Raining,Vehicle with vehicle collision,2,1,Going straight,na,na,na,na,Unknown,Unknown,Not a Pedestrian,Moving Backward,Slight Injury,21,Night
9:20:00,Tuesday,Unknown,Male,Writing & reading,Owner,5-10yr,Pick up upto 10Q,Owner,Unknown,Unknown,Other,Two-way (divided with broken lines road marking),Tangent road with flat terrain,No junction,Asphalt roads,Dry,Daylight,Normal,Collision with pedestrians,2,1,Going straight,Driver or rider,Male,31-50,3,Self-employed,Normal,Not a Pedestrian,Changing lane to the left,Slight Injury,9,Morning
9:20:00,Tuesday,18-30,Male,Above high school,Employee,Above 10yr,Special vehicle,Owner,Unknown,Unknown,Office areas,Two-way (divided with broken lines road marking),Tangent road with flat terrain,No junction,Asphalt roads,Dry,Daylight,Normal,Vehicle with vehicle collision,2,1,Going straight,Driver or rider,Male,18-30,3,Unknown,Unknown,Not a Pedestrian,No priority to pedestrian,Slight Injury,9,Morning
16:38:00,Wednesday,31-50,Male,High school,Employee,Below 1yr,Lorry (11?40Q),Owner,Unknown,Unknown,Other,Two-way (divided with broken lines road marking),Tangent road with flat terrain,Y Shape,Asphalt roads,Dry,Daylight,Normal,Vehicle with vehicle collision,2,2,Going straight,na,na,na,na,Self-employed,Normal,Not a Pedestrian,No distancing,Slight Injury,16,Afternoon
16:38:00,Wednesday,31-50,Male,Junior high school,Employee,1-2yr,Unknown,Owner,Unknown,Unknown,Other,Two-way (divided with broken lines road marking),Tangent road with flat terrain,Y Shape,Asphalt roads,Dry,Daylight,Normal,Collision with pedestrians,2,2,Going straight,na,na,na,na,Unknown,Unknown,Not a Pedestrian,No distancing,Slight Injury,16,Afternoon
16:38:00,Wednesday,Unknown,Female,Junior high school,Employee,Above 10yr,Unknown,Owner,Unknown,Unknown,Unknown,Unknown,Tangent road with flat terrain,Y Shape,Asphalt roads,Dry,Daylight,Normal,Collision with pedestrians,2,2,Going straight,Driver or rider,Male,18-30,3,Unknown,Unknown,Not a Pedestrian,Changing lane to the left,Slight Injury,16,Afternoon
10:01:00,Friday,Over 51,Male,Junior high school,Owner,Above 10yr,Lorry (41?100Q),Governmental,2-5yrs,Unknown,Residential areas,Two-way (divided with broken lines road marking),Unknown,Y Shape,Asphalt roads,Dry,Daylight,Normal,Vehicle with vehicle collision,2,2,Going straight,na,na,na,na,Self-employed,Normal,Not a Pedestrian,Changing lane to the right,Serious Injury,10,Morning
10:01:00,Friday,18-30,Male,Junior high school,Employee,Above 10yr,Other,Owner,Below 1yr,Unknown,Church areas,Undivided Two way,Tangent road with flat terrain,Y Shape,Asphalt roads,Dry,Daylight,Normal,Vehicle with vehicle collision,2,2,Going straight,Driver or rider,Male,31-50,3,Employee,Normal,Not a Pedestrian,Driving carelessly,Serious Injury,10,Morning
10:01:00,Friday,18-30,Male,Junior high school,Employee,No Licence,Other,Unknown,Unknown,Unknown,Other,Undivided Two way,Tangent road with flat terrain,Y Shape,Asphalt roads,Dry,Daylight,Normal,Vehicle with vehicle collision,2,2,Going straight,Passenger,Female,Over 51,3,Other,Normal,Not a Pedestrian,No distancing,Serious Injury,10,Morning
11:30:00,Wednesday,31-50,Male,Junior high school,Employee,1-2yr,Automobile,Owner,Unknown,Unknown,Other,One way,Tangent road with flat terrain,Y Shape,Asphalt roads,Dry,Daylight,Normal,Vehicle with vehicle collision,4,2,Going straight,na,na,na,na,Employee,Normal,Not a Pedestrian,Changing lane to the left,Slight Injury,11,Morning
11:30:00,Wednesday,18-30,Male,Illiterate,Owner,1-2yr,Other,Owner,Unknown,No defect,Residential areas,Two-way (divided with broken lines road marking),Tangent road with flat terrain,Y Shape,Asphalt roads,Dry,Daylight,Normal,Vehicle with vehicle collision,4,2,Going straight,Driver or rider,Female,31-50,3,Unknown,Unknown,Not a Pedestrian,Moving Backward,Slight Injury,11,Morning
11:30:00,Wednesday,Over 51,Male,Junior high school,Owner,Below 1yr,Automobile,Owner,Unknown,Unknown,Office areas,One way,Tangent road with flat terrain,Y Shape,Asphalt roads,Dry,Daylight,Normal,Collision with roadside objects,4,2,Moving Backward,Pedestrian,Male,Over 51,3,Employee,Normal,Crossing from nearside - masked by parked or statioNot a Pedestrianry vehicle,No distancing,Slight Injury,11,Morning
11:30:00,Wednesday,Unknown,Male,Junior high school,Owner,1-2yr,Public (13?45 seats),Owner,Unknown,No defect,Industrial areas,Two-way (divided with broken lines road marking),Tangent road with flat terrain,Y Shape,Asphalt roads,Dry,Daylight,Normal,Vehicle with vehicle collision,4,2,Going straight,Pedestrian,Female,Over 51,3,Unknown,Unknown,Not a Pedestrian,No priority to pedestrian,Slight Injury,11,Morning
15:40:00,Tuesday,Unknown,Male,Junior high school,Owner,2-5yr,Lorry (41?100Q),Governmental,Unknown,No defect,Residential areas,Double carriageway (median),Tangent road with flat terrain,Y Shape,Asphalt roads,Dry,Daylight,Normal,Vehicle with vehicle collision,2,2,Going straight,na,na,na,na,Employee,Normal,Not a Pedestrian,Changing lane to the left,Slight Injury,15,Afternoon
15:40:00,Tuesday,18-30,Male,Unknown,Owner,5-10yr,Unknown,Owner,Unknown,No defect,Office areas,Unknown,Tangent road with flat terrain,Y Shape,Asphalt roads,Dry,Daylight,Normal,Vehicle with vehicle collision,2,2,Going straight,Driver or rider,Male,18-30,3,Employee,Normal,Not a Pedestrian,No distancing,Slight Injury,15,Afternoon
15:40:00,Tuesday,18-30,Male,Unknown,Owner,Above 10yr,Automobile,Owner,2-5yrs,Unknown,Other,Unknown,Tangent road with flat terrain,Y Shape,Asphalt roads,Dry,Daylight,Normal,Vehicle with vehicle collision,2,2,Unknown,Driver or rider,Male,Over 51,3,Employee,Normal,Not a Pedestrian,Driving carelessly,Slight Injury,15,Afternoon
12:04:00,Sunday,31-50,Male,Junior high school,Owner,2-5yr,Unknown,Owner,Unknown,Unknown,Church areas,other,Tangent road with flat terrain,Y Shape,Asphalt roads,Dry,Daylight,Normal,Vehicle with vehicle collision,2,2,Turnover,Passenger,Male,18-30,3,Driver,Normal,Not a Pedestrian,No priority to vehicle,Slight Injury,12,Afternoon
12:04:00,Sunday,31-50,Male,Elementary school,Owner,Above 10yr,Lorry (41?100Q),Owner,Above 10yr,Unknown,Industrial areas,Unknown,Tangent road with flat terrain,Y Shape,Asphalt roads,Dry,Daylight,Normal,Vehicle with vehicle collision,2,2,Going straight,na,na,na,na,Driver,Normal,Not a Pedestrian,Changing lane to the right,Slight Injury,12,Afternoon
10:21:00,Monday,18-30,Male,Writing & reading,Owner,5-10yr,Unknown,Owner,Unknown,No defect,Recreational areas,One way,Tangent road with flat terrain,No junction,Gravel roads,Dry,Daylight,Normal,Vehicle with vehicle collision,3,2,Going straight,Driver or rider,Male,18-30,3,Student,Normal,Not a Pedestrian,Moving Backward,Slight Injury,10,Morning
10:21:00,Monday,31-50,Male,Unknown,Owner,Unknown,Lorry (41?100Q),Owner,Unknown,No defect,Market areas,Undivided Two way,Tangent road with flat terrain,No junction,Asphalt roads,Dry,Daylight,Normal,Vehicle with vehicle collision,3,2,Going straight,na,na,na,na,Driver,Normal,Not a Pedestrian,No priority to vehicle,Slight Injury,10,Morning
10:21:00,Monday,31-50,Male,Junior high school,Owner,5-10yr,Taxi,Owner,Unknown,No defect,Other,Two-way (divided with broken lines road marking),Tangent road with flat terrain,No junction,Gravel roads,Dry,Daylight,Normal,Vehicle with vehicle collision,3,2,Going straight,Driver or rider,Male,18-30,3,Self-employed,Normal,Not a Pedestrian,No priority to pedestrian,Slight Injury,10,Morning
10:21:00,Monday,31-50,Male,Junior high school,Owner,Below 1yr,Lorry (41?100Q),Owner,Unknown,Unknown,Other,Two-way (divided with broken lines road marking),Tangent road with flat terrain,No junction,Asphalt roads,Dry,Daylight,Normal,Vehicle with vehicle collision,3,2,Going straight,na,na,na,na,Unknown,Unknown,Not a Pedestrian,Changing lane to the left,Slight Injury,10,Morning
20:50:00,Monday,31-50,Male,Junior high school,Owner,2-5yr,Lorry (41?100Q),Owner,Unknown,No defect,Industrial areas,Two-way (divided with broken lines road marking),Unknown,Y Shape,Asphalt roads,Dry,Darkness - lights lit,Normal,Vehicle with vehicle collision,1,1,Going straight,Passenger,Male,18-30,3,Unknown,Unknown,Not a Pedestrian,Changing lane to the left,Fatal injury,20,Evening
18:00:00,Friday,Unknown,Male,Elementary school,Employee,2-5yr,Other,Governmental,2-5yrs,Unknown,Other,Two-way (divided with broken lines road marking),Tangent road with flat terrain,Crossing,Asphalt roads,Wet or damp,Daylight,Other,Vehicle with vehicle collision,2,1,Going straight,na,na,na,na,Driver,Normal,Not a Pedestrian,Driving under the influence of drugs,Slight Injury,18,Evening
18:00:00,Friday,31-50,Male,Junior high school,Employee,2-5yr,Stationwagen,Governmental,Unknown,Unknown,Office areas,other,Tangent road with flat terrain,Crossing,Asphalt roads,Wet or damp,Daylight,Other,Vehicle with vehicle collision,2,1,Going straight,Driver or rider,Female,31-50,3,Driver,Normal,Not a Pedestrian,Moving Backward,Slight Injury,18,Evening
19:30:00,Thursday,Unknown,Male,Junior high school,Employee,2-5yr,Stationwagen,Owner,Unknown,Unknown,Unknown,other,Tangent road with flat terrain,Y Shape,Asphalt roads,Dry,Darkness - lights lit,Unknown,Vehicle with vehicle collision,2,1,Going straight,na,na,na,na,Driver,Normal,Not a Pedestrian,Changing lane to the right,Slight Injury,19,Evening
19:30:00,Thursday,18-30,Male,Junior high school,Employee,5-10yr,Lorry (41?100Q),Owner,Unknown,Unknown,Office areas,Two-way (divided with broken lines road marking),Tangent road with flat terrain,Y Shape,Asphalt roads,Dry,Darkness - lights lit,Unknown,Vehicle with vehicle collision,2,1,Turnover,Driver or rider,Male,31-50,3,Driver,Normal,Not a Pedestrian,Changing lane to the right,Slight Injury,19,Evening
7:20:00,Wednesday,18-30,Male,Junior high school,Employee,5-10yr,Lorry (41?100Q),Owner,Unknown,Unknown,Office areas,Undivided Two way,Tangent road with flat terrain,No junction,Asphalt roads,Dry,Daylight,Unknown,Collision with roadside objects,2,1,Unknown,Driver or rider,Female,18-30,3,Unknown,Unknown,Not a Pedestrian,No distancing,Serious Injury,7,Morning
7:20:00,Wednesday,Unknown,Male,Junior high school,Employee,Above 10yr,Other,Organization,Unknown,Unknown,Other,other,Tangent road with flat terrain,No junction,Asphalt roads,Dry,Daylight,Unknown,Vehicle with vehicle collision,2,1,Reversing,na,na,na,na,Driver,Normal,Not a Pedestrian,Moving Backward,Serious Injury,7,Morning
15:45:00,Thursday,Unknown,Female,Elementary school,Employee,5-10yr,Automobile,Governmental,2-5yrs,Unknown,Other,other,Tangent road with flat terrain,No junction,Asphalt roads,Dry,Daylight,Unknown,Vehicle with vehicle collision,2,1,Other,Driver or rider,Male,31-50,2,Self-employed,Normal,Not a Pedestrian,No distancing,Slight Injury,15,Afternoon
15:45:00,Thursday,31-50,Male,Junior high school,Employee,5-10yr,Unknown,Owner,Unknown,No defect,Other,Undivided Two way,Tangent road with flat terrain,No junction,Asphalt roads,Dry,Daylight,Unknown,Vehicle with vehicle collision,2,1,Going straight,na,na,na,na,Self-employed,Normal,Not a Pedestrian,Driving carelessly,Slight Injury,15,Afternoon
11:55:00,Friday,Over 51,Male,Junior high school,Employee,Above 10yr,Taxi,Owner,Above 10yr,Unknown,Other,other,Tangent road with flat terrain,No junction,Asphalt roads,Wet or damp,Daylight,Raining,Vehicle with vehicle collision,1,1,Going straight,Passenger,Male,Over 51,3,Self-employed,Normal,Not a Pedestrian,No priority to pedestrian,Slight Injury,11,Morning
19:00:00,Thursday,18-30,Male,Elementary school,Owner,Unknown,Lorry (41?100Q),Unknown,Unknown,Unknown,Residential areas,Undivided Two way,Tangent road with flat terrain,Crossing,Asphalt roads,Dry,Daylight,Normal,Collision with pedestrians,1,1,Turnover,Pedestrian,Female,Over 51,3,Driver,Normal,Not a Pedestrian,No priority to vehicle,Slight Injury,19,Evening
19:00:00,Wednesday,31-50,Male,Junior high school,Owner,5-10yr,Other,Owner,2-5yrs,No defect,Church areas,Undivided Two way,Tangent road with flat terrain,Other,Asphalt roads,Dry,Daylight,Normal,Vehicle with vehicle collision,1,1,Other,Pedestrian,Female,18-30,3,Other,Normal,Not a Pedestrian,Moving Backward,Slight Injury,19,Evening
8:48:00,Tuesday,Unknown,Male,Junior high school,Employee,5-10yr,Automobile,Owner,2-5yrs,Unknown,Office areas,Double carriageway (median),Tangent road with flat terrain,Y Shape,Asphalt roads,Dry,Daylight,Normal,Vehicle with vehicle collision,2,1,Going straight,na,na,na,na,Unknown,Unknown,Not a Pedestrian,Changing lane to the right,Slight Injury,8,Morning
8:48:00,Tuesday,Unknown,Female,Junior high school,Employee,Below 1yr,Public (> 45 seats),Owner,2-5yrs,Unknown,Church areas,other,Tangent road with flat terrain,Y Shape,Asphalt roads,Dry,Daylight,Normal,Vehicle with vehicle collision,2,1,Going straight,Driver or rider,Male,18-30,3,Self-employed,Normal,Not a Pedestrian,No distancing,Slight Injury,8,Morning
12:30:00,Wednesday,Over 51,Male,Unknown,Unknown,Unknown,Stationwagen,Owner,2-5yrs,Unknown,Other,Two-way (divided with broken lines road marking),Tangent road with flat terrain,No junction,Asphalt roads,Dry,Daylight,Normal,Vehicle with vehicle collision,1,1,Other,na,na,na,na,Other,Normal,Not a Pedestrian,Driving carelessly,Slight Injury,12,Afternoon
16:00:00,Friday,18-30,Male,Junior high school,Employee,5-10yr,Automobile,Owner,Unknown,Unknown,Unknown,other,Tangent road with flat terrain,No junction,Asphalt roads,Dry,Daylight,Normal,Vehicle with vehicle collision,1,1,Going straight,na,na,na,na,Unknown,Unknown,Not a Pedestrian,Changing lane to the left,Slight Injury,16,Afternoon
9:30:00,Tuesday,Over 51,Male,Junior high school,Employee,5-10yr,Lorry (41?100Q),Owner,1-2yr,Unknown,School areas,other,Steep grade downward with mountainous terrain,Y Shape,Asphalt roads,Wet or damp,Daylight,Other,Vehicle with vehicle collision,2,2,Turnover,Driver or rider,Male,Over 51,2,Unknown,Unknown,Not a Pedestrian,Moving Backward,Slight Injury,9,Morning
9:30:00,Tuesday,31-50,Unknown,Junior high school,Employee,Above 10yr,Other,Owner,5-10yrs,Unknown,Office areas,Two-way (divided with broken lines road marking),Tangent road with mild grade and flat terrain,Y Shape,Asphalt roads,Wet or damp,Daylight,Other,Vehicle with vehicle collision,2,2,Going straight,Driver or rider,Male,31-50,3,Driver,Normal,Not a Pedestrian,No distancing,Slight Injury,9,Morning
13:31:00,Sunday,31-50,Male,High school,Employee,Above 10yr,Public (13?45 seats),Owner,Below 1yr,Unknown,Other,other,Steep grade downward with mountainous terrain,No junction,Asphalt roads,Dry,Daylight,Normal,Vehicle with vehicle collision,2,2,Turnover,na,na,na,na,Unknown,Unknown,Not a Pedestrian,Changing lane to the right,Slight Injury,13,Afternoon
13:31:00,Sunday,31-50,Male,Junior high school,Employee,Above 10yr,Other,Owner,Unknown,Unknown,Office areas,Undivided Two way,Tangent road with flat terrain,No junction,Asphalt roads,Dry,Daylight,Normal,Collision with pedestrians,2,2,Going straight,Driver or rider,Male,31-50,3,Driver,Normal,Not a Pedestrian,No priority to vehicle,Slight Injury,13,Afternoon
13:31:00,Sunday,Unknown,Male,Junior high school,Employee,Above 10yr,Other,Owner,Unknown,Unknown,Other,Undivided Two way,Tangent road with flat terrain,No junction,Asphalt roads,Dry,Daylight,Normal,Vehicle with vehicle collision,2,2,Moving Backward,na,na,na,na,Driver,Normal,Not a Pedestrian,Getting off the vehicle improperly,Slight Injury,13,Afternoon
0:50:00,Saturday,Unknown,Female,Junior high school,Employee,Above 10yr,Ridden horse,Owner,2-5yrs,Unknown,Other,Two-way (divided with broken lines road marking),Tangent road with flat terrain,Unknown,Asphalt roads,Wet or damp,Darkness - lights lit,Raining,Vehicle with vehicle collision,2,1,Unknown,Driver or rider,Male,31-50,3,Driver,Normal,Not a Pedestrian,No distancing,Slight Injury,0,Night
0:50:00,Saturday,18-30,Male,Junior high school,Employee,Above 10yr,Lorry (41?100Q),Owner,Unknown,Unknown,Office areas,Undivided Two way,Tangent road with flat terrain,Unknown,Asphalt roads,Wet or damp,Darkness - lights lit,Raining,Vehicle with vehicle collision,2,1,Going straight,na,na,na,na,Driver,Normal,Not a Pedestrian,No distancing,Slight Injury,0,Night
17:15:00,Tuesday,31-50,Male,Junior high school,Employee,5-10yr,Lorry (41?100Q),Owner,Unknown,No defect,Other,Double carriageway (median),Tangent road with flat terrain,No junction,Asphalt roads,Dry,Daylight,Normal,Vehicle with vehicle collision,2,1,Going straight,na,na,na,na,Self-employed,Normal,Not a Pedestrian,Changing lane to the left,Slight Injury,17,Evening
17:15:00,Tuesday,18-30,Male,Junior high school,Employee,2-5yr,Pick up upto 10Q,Owner,Unknown,Unknown,Church areas,other,Tangent road with flat terrain,No junction,Asphalt roads,Dry,Daylight,Normal,Collision with roadside objects,2,1,Reversing,Driver or rider,Male,31-50,3,Self-employed,Normal,Not a Pedestrian,No priority to vehicle,Slight Injury,17,Evening
13:20:00,Friday,Unknown,Male,Junior high school,Employee,Below 1yr,Lorry (11?40Q),Owner,Unknown,No defect,Office areas,Two-way (divided with broken lines road marking),Tangent road with flat terrain,No junction,Asphalt roads,Dry,Daylight,Unknown,Vehicle with vehicle collision,2,1,Reversing,na,na,na,na,Driver,Normal,Not a Pedestrian,Driving carelessly,Slight Injury,13,Afternoon
13:20:00,Friday,31-50,Male,Junior high school,Employee,Below 1yr,Automobile,Owner,Above 10yr,No defect,Office areas,Two-way (divided with broken lines road marking),Tangent road with flat terrain,No junction,Asphalt roads,Dry,Daylight,Unknown,Vehicle with vehicle collision,2,1,Reversing,Driver or rider,Male,18-30,3,Driver,Normal,Not a Pedestrian,Changing lane to the right,Slight Injury,13,Afternoon
19:45:00,Tuesday,Over 51,Male,Junior high school,Employee,2-5yr,Automobile,Owner,2-5yrs,Unknown,Other,Undivided Two way,Tangent road with mountainous terrain and,No junction,Asphalt roads,Dry,Daylight,Unknown,Vehicle with vehicle collision,2,1,Going straight,Pedestrian,Male,31-50,3,Unknown,Unknown,Not a Pedestrian,No distancing,Slight Injury,19,Evening
19:45:00,Tuesday,18-30,Male,Elementary school,Employee,Below 1yr,Lorry (11?40Q),Owner,2-5yrs,Unknown,Residential areas,Undivided Two way,Tangent road with flat terrain,No junction,Asphalt roads,Dry,Daylight,Unknown,Vehicle with vehicle collision,2,1,Going straight,na,na,na,na,Driver,Normal,Not a Pedestrian,Changing lane to the right,Slight Injury,19,Evening
19:35:00,Tuesday,Unknown,Female,Junior high school,Employee,Below 1yr,Motorcycle,Owner,Unknown,No defect,Residential areas,Undivided Two way,Tangent road with flat terrain,No junction,Asphalt roads,Dry,Daylight,Normal,Vehicle with vehicle collision,2,1,Going straight,Driver or rider,Male,18-30,3,Driver,Normal,Not a Pedestrian,No distancing,Slight Injury,19,Evening
19:35:00,Tuesday,31-50,Male,Junior high school,Employee,Unknown,Lorry (41?100Q),Owner,5-10yrs,7,Unknown,Two-way (divided with broken lines road marking),Tangent road with flat terrain,No junction,Asphalt roads,Dry,Daylight,Normal,Vehicle with vehicle collision,2,1,Going straight,Passenger,Female,18-30,2,Driver,Normal,Not a Pedestrian,Driving under the influence of drugs,Slight Injury,19,Evening
14:15:00,Sunday,31-50,Male,Unknown,Employee,5-10yr,Stationwagen,Owner,Unknown,7,Other,other,Tangent road with flat terrain,No junction,Asphalt roads,Dry,Daylight,Normal,Vehicle with vehicle collision,2,1,Moving Backward,Pedestrian,Female,18-30,2,Unknown,Normal,Not a Pedestrian,Changing lane to the left,Slight Injury,14,Afternoon
14:15:00,Sunday,Unknown,Male,Writing & reading,Employee,Below 1yr,Automobile,Owner,Unknown,No defect,Office areas,Unknown,Steep grade downward with mountainous terrain,No junction,Asphalt roads,Dry,Daylight,Normal,Collision with roadside objects,2,1,Going straight,na,na,na,na,Unknown,Unknown,Not a Pedestrian,Getting off the vehicle improperly,Slight Injury,14,Afternoon
21:30:00,Friday,Unknown,Male,Junior high school,Employee,Below 1yr,Other,Governmental,Unknown,No defect,School areas,Double carriageway (median),Tangent road with flat terrain,Crossing,Asphalt roads,Dry,Darkness - lights lit,Normal,Vehicle with vehicle collision,2,2,Moving Backward,Driver or rider,Male,31-50,3,Driver,Normal,Not a Pedestrian,Overloading,Slight Injury,21,Night
21:30:00,Friday,31-50,Male,Junior high school,Employee,1-2yr,Other,Owner,Unknown,No defect,Other,Two-way (divided with broken lines road marking),Steep grade downward with mountainous terrain,Crossing,Asphalt roads,Dry,Darkness - lights lit,Normal,Vehicle with vehicle collision,2,2,Moving Backward,na,na,na,na,Driver,Normal,Not a Pedestrian,Driving carelessly,Slight Injury,21,Night
21:30:00,Friday,31-50,Male,Elementary school,Employee,Above 10yr,Taxi,Owner,5-10yrs,No defect,Other,Two-way (divided with broken lines road marking),Tangent road with rolling terrain,Crossing,Asphalt roads,Dry,Darkness - lights lit,Normal,Vehicle with vehicle collision,2,2,Going straight,Driver or rider,Male,18-30,3,Self-employed,Normal,Not a Pedestrian,Overtaking,Slight Injury,21,Night
20:35:00,Saturday,Unknown,Female,Elementary school,Employee,Above 10yr,Automobile,Governmental,Unknown,No defect,Church areas,Two-way (divided with broken lines road marking),Tangent road with flat terrain,Y Shape,Asphalt roads,Dry,Daylight,Normal,Vehicle with vehicle collision,1,1,Other,na,na,na,na,Driver,Normal,Not a Pedestrian,No distancing,Slight Injury,20,Evening
19:10:00,Thursday,Unknown,Male,Elementary school,Employee,Below 1yr,Long lorry,Unknown,Unknown,Unknown,Office areas,Unknown,Tangent road with mild grade and flat terrain,Y Shape,Asphalt roads,Dry,Daylight,Normal,Rollover,2,1,Going straight,na,na,na,na,Driver,Normal,Not a Pedestrian,Overturning,Slight Injury,19,Evening
19:10:00,Thursday,18-30,Male,High school,Employee,2-5yr,Long lorry,Owner,Unknown,Unknown,Other,Two-way (divided with broken lines road marking),Tangent road with mild grade and flat terrain,Y Shape,Asphalt roads,Dry,Daylight,Normal,Vehicle with vehicle collision,2,1,Other,Driver or rider,Male,18-30,3,Driver,Normal,Not a Pedestrian,Driving carelessly,Slight Injury,19,Evening
19:03:00,Sunday,31-50,Male,Junior high school,Employee,2-5yr,Lorry (41?100Q),Governmental,Unknown,No defect,Residential areas,Double carriageway (median),Tangent road with flat terrain,Y Shape,Asphalt roads,Dry,Darkness - lights lit,Normal,Vehicle with vehicle collision,2,1,Going straight,Driver or rider,Male,18-30,3,Unknown,Unknown,Not a Pedestrian,No priority to pedestrian,Serious Injury,19,Evening
19:03:00,Sunday,Under 18,Male,Above high school,Employee,Above 10yr,Lorry (41?100Q),Owner,Unknown,Unknown,Office areas,Two-way (divided with broken lines road marking),Tangent road with flat terrain,Y Shape,Asphalt roads,Dry,Darkness - lights lit,Normal,Collision with roadside objects,2,1,Reversing,na,na,na,na,Driver,Normal,Not a Pedestrian,No distancing,Serious Injury,19,Evening