Time,Day_of_week,Age_band_of_driver,Sex_of_driver,Educational_level,Vehicle_driver_relation,Driving_experience,Type_of_vehicle,Owner_of_vehicle,Service_year_of_vehicle,Defect_of_vehicle,Area_accident_occured,Lanes_or_Medians,Road_allignment,Types_of_Junction,Road_surface_type,Road_surface_conditions,Light_conditions,Weather_conditions,Type_of_collision,Number_of_vehicles_involved,Number_of_casualties,Vehicle_movement,Casualty_class,Sex_of_casualty,Age_band_of_casualty,Casualty_severity,Work_of_casuality,Fitness_of_casuality,Pedestrian_movement,Cause_of_accident,Accident_severity,Hour,Time_period
14:34:00,Friday,Over 51,Male,Unknown,Unknown,Unknown,Unknown,Owner,Unknown,No defect,Office areas,One way,Tangent road with flat terrain,Y Shape,Asphalt roads,Dry,Daylight,Normal,Vehicle with vehicle collision,2,1,Going straight,na,na,na,na,Driver,Normal,Not a Pedestrian,No distancing,Slight Injury,14,Afternoon
13:00:00,Thursday,18-30,Male,Unknown,Employee,1-2yr,Public (> 45 seats),Owner,Unknown,No defect,Residential areas,Two-way (divided with broken lines road marking),Tangent road with flat terrain,No junction,Earth roads,Dry,Daylight,Normal,Vehicle with vehicle collision,2,1,Reversing,Driver or rider,Male,31-50,2,Unknown,Unknown,Not a Pedestrian,No priority to vehicle,Slight Injury,13,Afternoon
13:00:00,Thursday,18-30,Male,Junior high school,Employee,2-5yr,Unknown,Owner,Unknown,No defect,Office areas,Undivided Two way,Tangent road with flat terrain,No junction,Asphalt roads,Dry,Daylight,Normal,Vehicle with vehicle collision,2,1,Going straight,na,na,na,na,Driver,Normal,Not a Pedestrian,Overtaking,Slight Injury,13,Afternoon
2:49:00,Sunday,18-30,Male,Junior high school,Employee,Above 10yr,Public (12 seats),Owner,Unknown,No defect,Other,Two-way (divided with broken lines road marking),Tangent road with flat terrain,No junction,Unknown,Dry,Darkness - lights lit,Normal,Rollover,2,1,Turnover,Driver or rider,Female,18-30,3,Self-employed,Normal,Not a Pedestrian,No priority to pedestrian,Slight Injury,2,Night
2:49:00,Sunday,Unknown,Male,Junior high school,Employee,Below 1yr,Public (12 seats),Owner,Unknown,No defect,Office areas,One way,Tangent road with flat terrain,No junction,Asphalt roads,Dry,Darkness - lights lit,Normal,Vehicle with vehicle collision,2,1,Going straight,na,na,na,na,Self-employed,Normal,Not a Pedestrian,No distancing,Slight Injury,2,Night
17:15:00,Tuesday,Over 51,Male,Junior high school,Employee,2-5yr,Automobile,Owner,Unknown,No defect,School areas,Undivided Two way,Tangent road with flat terrain,Y Shape,Asphalt roads,Dry,Daylight,Normal,Vehicle with vehicle collision,1,1,Going straight,na,na,na,na,Unknown,Unknown,Not a Pedestrian,Changing lane to the right,Slight Injury,17,Evening
18:55:00,Thursday,18-30,Male,Junior high school,Employee,Below 1yr,Unknown,Owner,Unknown,Unknown,Residential areas,One way,Tangent road with flat terrain,No junction,Asphalt roads,Dry,Darkness - lights lit,Normal,Collision with pedestrians,2,2,Going straight,Passenger,Female,Over 51,3,Unknown,Normal,Not a Pedestrian,Driving carelessly,Slight Injury,18,Evening
18:55:00,Thursday,31-50,Male,High school,Employee,5-10yr,Automobile,Owner,Unknown,Unknown,Office areas,Undivided Two way,Tangent road with flat terrain,No junction,Asphalt roads,Dry,Darkness - lights lit,Normal,Vehicle with vehicle collision,2,2,Going straight,na,na,na,na,Driver,Normal,Not a Pedestrian,Changing lane to the right,Slight Injury,18,Evening
19:35:00,Saturday,Unknown,Female,Above high school,Employee,1-2yr,Lorry (41?100Q),Owner,Unknown,No defect,Residential areas,Undivided Two way,Tangent road with flat terrain,No junction,Asphalt roads,Dry,Darkness - lights lit,Normal,Vehicle with vehicle collision,2,1,Going straight,Driver or rider,Male,18-30,3,Driver,Normal,Not a Pedestrian,Overtaking,Serious Injury,19,Evening
19:35:00,Saturday,31-50,Male,Junior high school,Employee,Below 1yr,Public (12 seats),Owner,Unknown,No defect,Office areas,Undivided Two way,Tangent road with flat terrain,No junction,Asphalt roads,Dry,Darkness - lights lit,Normal,Vehicle with vehicle collision,2,1,Getting off,Driver or rider,Male,18-30,3,Unknown,Unknown,Not a Pedestrian,Other,Serious Injury,19,Evening
19:20:00,Thursday,18-30,Male,Unknown,Unknown,Unknown,Lorry (11?40Q),Owner,2-5yrs,No defect,Office areas,Two-way (divided with broken lines road marking),Tangent road with flat terrain,Y Shape,Asphalt roads,Wet or damp,Darkness - lights lit,Normal,Collision with pedestrians,1,1,Moving Backward,na,na,na,na,Driver,Normal,Not a Pedestrian,Driving to the left,Serious Injury,19,Evening
12:05:00,Sunday,Unknown,Male,High school,Employee,Below 1yr,Automobile,Owner,Unknown,Unknown,Residential areas,Undivided Two way,Tangent road with flat terrain,No junction,Asphalt roads,Dry,Daylight,Normal,Vehicle with vehicle collision,2,2,Going straight,Passenger,Female,Over 51,3,Self-employed,Normal,Not a Pedestrian,Driving at high speed,Slight Injury,12,Afternoon
12:05:00,Sunday,18-30,Male,High school,Employee,Below 1yr,Automobile,Owner,Unknown,Unknown,Other,Two-way (divided with broken lines road marking),Tangent road with flat terrain,No junction,Asphalt roads,Dry,Daylight,Normal,Collision with pedestrians,2,2,Turnover,Driver or rider,Male,Under 18,3,Self-employed,Normal,Not a Pedestrian,Unknown,Slight Injury,12,Afternoon
6:55:00,Monday,Unknown,Male,Unknown,Unknown,Unknown,Automobile,Owner,Above 10yr,Unknown,Industrial areas,Undivided Two way,Tangent road with flat terrain,No junction,Gravel roads,Dry,Daylight,Normal,Vehicle with vehicle collision,2,1,Going straight,na,na,na,na,Self-employed,Normal,Not a Pedestrian,Changing lane to the right,Slight Injury,6,Morning
6:55:00,Monday,Over 51,Male,High school,Employee,2-5yr,Bajaj,Owner,Unknown,Unknown,Office areas,Two-way (divided with broken lines road marking),Tangent road with flat terrain,No junction,Asphalt roads,Dry,Daylight,Normal,Vehicle with vehicle collision,2,1,Unknown,Passenger,Female,18-30,3,Unknown,Unknown,Not a Pedestrian,No distancing,Slight Injury,6,Morning
20:40:00,Friday,Unknown,Male,Junior high school,Employee,Above 10yr,Public (12 seats),Organization,Unknown,Unknown,Recreational areas,Two-way (divided with broken lines road marking),Tangent road with flat terrain,No junction,Asphalt roads,Dry,Darkness - lights lit,Normal,Vehicle with vehicle collision,2,1,Going straight,Pedestrian,Female,31-50,3,Self-employed,Normal,Not a Pedestrian,Other,Slight Injury,20,Evening
20:40:00,Friday,Unknown,Female,Junior high school,Employee,Above 10yr,Lorry (11?40Q),Owner,1-2yr,No defect,Residential areas,Two-way (divided with broken lines road marking),Tangent road with flat terrain,No junction,Asphalt roads,Dry,Darkness - lights lit,Normal,Vehicle with vehicle collision,2,1,Going straight,na,na,na,na,Self-employed,Normal,Not a Pedestrian,No priority to vehicle,Slight Injury,20,Evening
18:05:00,Sunday,18-30,Male,Junior high school,Employee,5-10yr,Unknown,Owner,Above 10yr,Unknown,Residential areas,Undivided Two way,Tangent road with flat terrain,Y Shape,Asphalt roads,Dry,Darkness - no lighting,Unknown,Vehicle with vehicle collision,2,1,Going straight,Driver or rider,Male,31-50,3,Driver,Deaf,Not a Pedestrian,Changing lane to the left,Slight Injury,18,Evening
18:05:00,Sunday,Under 18,Male,Junior high school,Employee,1-2yr,Unknown,Owner,5-10yrs,Unknown,Church areas,Undivided Two way,Steep grade downward with mountainous terrain,Y Shape,Asphalt roads,Dry,Darkness - no lighting,Unknown,Collision with roadside objects,2,1,Going straight,na,na,na,na,Driver,Normal,Not a Pedestrian,No priority to pedestrian,Slight Injury,18,Evening
22:45:00,Friday,Unknown,Female,Unknown,Employee,Below 1yr,Automobile,Owner,5-10yrs,Unknown,Residential areas,Undivided Two way,Tangent road with flat terrain,No junction,Asphalt roads,Dry,Darkness - lights lit,Normal,Vehicle with vehicle collision,1,1,Turnover,Driver or rider,Male,18-30,3,Self-employed,Normal,Not a Pedestrian,Overtaking,Serious Injury,22,Night
16:58:00,Friday,31-50,Male,Junior high school,Employee,Below 1yr,Lorry (11?40Q),Owner,Unknown,No defect,Unknown,other,Tangent road with flat terrain,No junction,Asphalt roads,Dry,Daylight,Unknown,Vehicle with vehicle collision,1,1,Turnover,na,na,na,na,Self-employed,Normal,Not a Pedestrian,Driving carelessly,Slight Injury,16,Afternoon
18:30:00,Monday,Unknown,Male,High school,Employee,2-5yr,Lorry (41?100Q),Owner,5-10yrs,No defect,Other,Undivided Two way,Tangent road with flat terrain,No junction,Asphalt roads,Wet or damp,Darkness - lights lit,Raining,Collision with roadside objects,2,2,Going straight,Driver or rider,Male,Under 18,3,Driver,Normal,Not a Pedestrian,No priority to vehicle,Slight Injury,18,Evening
18:30:00,Monday,31-50,Male,Junior high school,Owner,1-2yr,Pick up upto 10Q,Owner,Unknown,Unknown,Other,Two-way (divided with solid lines road marking),Tangent road with flat terrain,No junction,Asphalt roads,Wet or damp,Darkness - lights lit,Raining,Vehicle with vehicle collision,2,2,Getting off,na,na,na,na,Driver,Normal,Not a Pedestrian,No priority to pedestrian,Slight Injury,18,Evening
18:30:00,Monday,31-50,Male,Junior high school,Employee,5-10yr,Lorry (11?40Q),Owner,Unknown,No defect,Church areas,Two-way (divided with solid lines road marking),Tangent road with flat terrain,No junction,Asphalt roads,Wet or damp,Darkness - lights lit,Raining,Vehicle with vehicle collision,2,2,Getting off,Driver or rider,Male,Over 51,3,Unknown,Unknown,Not a Pedestrian,Changing lane to the right,Slight Injury,18,Evening
17:20:00,Saturday,Unknown,Male,Elementary school,Employee,2-5yr,Stationwagen,Governmental,Unknown,No defect,Other,Two-way (divided with solid lines road marking),Tangent road with flat terrain,Y Shape,Asphalt roads,Dry,Daylight,Normal,Vehicle with vehicle collision,2,1,Going straight,Pedestrian,Female,Over 51,3,Driver,Normal,Not a Pedestrian,Driving carelessly,Slight Injury,17,Evening
17:20:00,Saturday,31-50,Male,Elementary school,Owner,5-10yr,Other,Owner,Unknown,No defect,Church areas,Two-way (divided with solid lines road marking),Tangent road with flat terrain,Y Shape,Asphalt roads,Dry,Daylight,Normal,Vehicle with vehicle collision,2,1,Overtaking,na,na,na,na,Driver,Normal,Not a Pedestrian,Changing lane to the right,Slight Injury,17,Evening
12:20:00,Monday,Unknown,Female,Junior high school,Employee,Above 10yr,Other,Owner,Unknown,No defect,Church areas,Two-way (divided with broken lines road marking),Tangent road with flat terrain,Y Shape,Asphalt roads,Dry,Daylight,Normal,Collision with pedestrians,2,1,Reversing,Driver or rider,Male,31-50,3,Student,Normal,Not a Pedestrian,Changing lane to the right,Slight Injury,12,Afternoon
12:20:00,Monday,31-50,Male,Junior high school,Employee,5-10yr,Lorry (11?40Q),Owner,Above 10yr,No defect,Other,Undivided Two way,Tangent road with flat terrain,Y Shape,Asphalt roads,Dry,Daylight,Normal,Collision with pedestrians,2,1,Going straight,Passenger,Male,Under 18,3,Employee,Normal,Not a Pedestrian,Changing lane to the left,Slight Injury,12,Afternoon
19:58:00,Tuesday,Over 51,Male,High school,Employee,5-10yr,Unknown,Governmental,5-10yrs,No defect,Other,Undivided Two way,Tangent road with flat terrain,Y Shape,Asphalt roads,Dry,Darkness - lights lit,Normal,Vehicle with vehicle collision,1,1,Getting off,Pedestrian,Female,18-30,3,Driver,Normal,Not a Pedestrian,Overturning,Slight Injury,19,Evening
8:54:00,Sunday,31-50,Male,Junior high school,Employee,5-10yr,Automobile,Owner,5-10yrs,No defect,School areas,other,Tangent road with flat terrain,Y Shape,Asphalt roads,Dry,Daylight,Normal,Vehicle with vehicle collision,2,1,Getting off,Pedestrian,Male,Over 51,3,Other,Normal,Not a Pedestrian,Driving carelessly,Slight Injury,8,Morning
8:54:00,Sunday,31-50,Male,Junior high school,Employee,Above 10yr,Lorry (41?100Q),Owner,Above 10yr,No defect,Residential areas,Undivided Two way,Tangent road with flat terrain,Y Shape,Asphalt roads,Dry,Daylight,Normal,Collision with roadside objects,2,1,Reversing,Pedestrian,Male,Over 51,3,Unknown,Normal,Crossing from nearside - masked by parked or statioNot a Pedestrianry vehicle,No distancing,Slight Injury,8,Morning
18:03:00,Wednesday,31-50,Male,Junior high school,Unknown,1-2yr,Other,Unknown,1-2yr,No defect,Other,Two-way (divided with broken lines road marking),Tangent road with flat terrain,Y Shape,Other,Dry,Daylight,Normal,Vehicle with vehicle collision,1,1,Turnover,na,na,na,na,Unknown,Unknown,Not a Pedestrian,Driving carelessly,Slight Injury,18,Evening
11:24:00,Sunday,18-30,Male,Junior high school,Employee,2-5yr,Lorry (41?100Q),Owner,Above 10yr,No defect,Office areas,Undivided Two way,Tangent road with flat terrain,Y Shape,Asphalt roads,Wet or damp,Daylight,Raining,Vehicle with vehicle collision,2,3,Moving Backward,Driver or rider,Female,18-30,3,Unknown,Unknown,Not a Pedestrian,Changing lane to the left,Slight Injury,11,Morning
11:24:00,Sunday,Over 51,Male,Junior high school,Employee,1-2yr,Automobile,Owner,Above 10yr,No defect,Residential areas,Undivided Two way,Tangent road with flat terrain,Y Shape,Asphalt roads,Wet or damp,Daylight,Raining,Vehicle with vehicle collision,2,3,Going straight,Driver or rider,Male,31-50,3,Employee,Unknown,Not a Pedestrian,No priority to vehicle,Slight Injury,11,Morning
11:24:00,Sunday,Over 51,Male,Unknown,Unknown,Unknown,Pick up upto 10Q,Owner,Above 10yr,No defect,Other,One way,Steep grade downward with mountainous terrain,Y Shape,Asphalt roads,Wet or damp,Daylight,Raining,Vehicle with vehicle collision,2,3,Going straight,na,na,na,na,Driver,Unknown,Not a Pedestrian,Changing lane to the right,Slight Injury,11,Morning
11:24:00,Sunday,Over 51,Male,Elementary school,Employee,5-10yr,Lorry (41?100Q),Owner,Above 10yr,No defect,Residential areas,Two-way (divided with broken lines road marking),Tangent road with flat terrain,Y Shape,Asphalt roads,Wet or damp,Daylight,Raining,Collision with roadside objects,2,3,Going straight,na,na,na,na,Driver,Unknown,Not a Pedestrian,No distancing,Slight Injury,11,Morning
11:55:00,Friday,Over 51,Male,Junior high school,Employee,5-10yr,Public (13?45 seats),Owner,5-10yrs,No defect,Residential areas,Undivided Two way,Tangent road with flat terrain,Crossing,Asphalt roads,Dry,Daylight,Normal,Vehicle with vehicle collision,2,1,Going straight,Driver or rider,Male,31-50,3,Driver,Unknown,Not a Pedestrian,Moving Backward,Slight Injury,11,Morning
11:55:00,Friday,18-30,Male,Junior high school,Employee,Above 10yr,Long lorry,Owner,Unknown,No defect,Residential areas,Two-way (divided with broken lines road marking),Tangent road with flat terrain,Crossing,Asphalt roads,Dry,Daylight,Normal,Vehicle with vehicle collision,2,1,Reversing,Pedestrian,Male,Under 18,3,Self-employed,Normal,Not a Pedestrian,Moving Backward,Slight Injury,11,Morning
23:15:00,Tuesday,31-50,Male,Junior high school,Employee,2-5yr,Automobile,Owner,1-2yr,No defect,Other,other,Tangent road with flat terrain,Y Shape,Asphalt roads,Dry,Darkness - lights lit,Normal,Collision with roadside objects,2,1,Going straight,Driver or rider,Male,18-30,3,Driver,Normal,Not a Pedestrian,No distancing,Slight Injury,23,Night
23:15:00,Tuesday,31-50,Male,Junior high school,Owner,Above 10yr,Automobile,Owner,5-10yrs,No defect,Other,Undivided Two way,Tangent road with flat terrain,Y Shape,Other,Dry,Darkness - lights lit,Normal,Vehicle with vehicle collision,2,1,Going straight,Pedestrian,Male,31-50,3,Other,Normal,Crossing from nearside - masked by parked or statioNot a Pedestrianry vehicle,No distancing,Slight Injury,23,Night
8:25:00,Thursday,Unknown,Male,Junior high school,Employee,2-5yr,Other,Owner,5-10yrs,No defect,Other,One way,Tangent road with flat terrain,No junction,Asphalt roads,Dry,Daylight,Normal,Collision with roadside objects,2,1,Going straight,Driver or rider,Male,18-30,3,Unknown,Unknown,Not a Pedestrian,No distancing,Slight Injury,8,Morning
8:25:00,Thursday,31-50,Male,Elementary school,Other,5-10yr,Unknown,Owner,1-2yr,No defect,Hospital areas,Undivided Two way,Tangent road with flat terrain,No junction,Asphalt roads,Dry,Daylight,Normal,Vehicle with vehicle collision,2,1,Going straight,na,na,na,na,Driver,Normal,Not a Pedestrian,No priority to pedestrian,Slight Injury,8,Morning
16:35:00,Wednesday,18-30,Male,Elementary school,Employee,5-10yr,Long lorry,Owner,2-5yrs,No defect,Residential areas,Undivided Two way,Tangent road with flat terrain,Y Shape,Asphalt roads,Dry,Daylight,Normal,Vehicle with vehicle collision,1,1,Getting off,Driver or rider,Male,Under 18,3,Self-employed,Normal,Not a Pedestrian,Driving carelessly,Slight Injury,16,Afternoon
12:20:00,Tuesday,Unknown,Female,Junior high school,Unknown,5-10yr,Public (12 seats),Owner,5-10yrs,No defect,Residential areas,One way,Tangent road with flat terrain,No junction,Asphalt roads,Dry,Daylight,Normal,Vehicle with vehicle collision,2,1,Going straight,na,na,na,na,Self-employed,Normal,Not a Pedestrian,Changing lane to the right,Slight Injury,12,Afternoon
12:20:00,Tuesday,18-30,Male,Junior high school,Employee,5-10yr,Public (12 seats),Owner,5-10yrs,No defect,Residential areas,Undivided Two way,Tangent road with flat terrain,No junction,Asphalt roads,Dry,Daylight,Normal,Vehicle with vehicle collision,2,1,Going straight,Pedestrian,Female,Under 18,3,Self-employed,Normal,Not a Pedestrian,Changing lane to the left,Slight Injury,12,Afternoon
18:08:00,Tuesday,31-50,Male,Elementary school,Employee,Above 10yr,Other,Owner,1-2yr,No defect,Other,Two-way (divided with broken lines road marking),Tangent road with flat terrain,No junction,Asphalt roads,Dry,Daylight,Normal,Vehicle with vehicle collision,1,1,Going straight,na,na,na,na,Unknown,Other,Not a Pedestrian,Driving carelessly,Serious Injury,18,Evening
19:42:00,Friday,Under 18,Male,Junior high school,Unknown,Below 1yr,Other,Owner,1-2yr,No defect,Office areas,Two-way (divided with broken lines road marking),Tangent road with flat terrain,Crossing,Asphalt roads,Dry,Daylight,Normal,Vehicle with vehicle collision,2,1,Going straight,na,na,na,na,Driver,Blind,Not a Pedestrian,Driving carelessly,Slight Injury,19,Evening
19:42:00,Friday,31-50,Male,Junior high school,Employee,5-10yr,Other,Owner,2-5yrs,No defect,Other,other,Tangent road with flat terrain,Crossing,Asphalt roads,Dry,Daylight,Normal,Vehicle with vehicle collision,2,1,Reversing,Driver or rider,Male,31-50,3,Driver,Normal,Not a Pedestrian,No distancing,Slight Injury,19,Evening
13:19:00,Saturday,31-50,Male,Elementary school,Employee,1-2yr,Public (12 seats),Owner,Unknown,No defect,Office areas,Double carriageway (median),Tangent road with flat terrain,Y Shape,Unknown,Wet or damp,Daylight,Raining,Vehicle with vehicle collision,2,1,Moving Backward,Pedestrian,Male,18-30,3,Self-employed,Normal,Not a Pedestrian,Other,Slight Injury,13,Afternoon
13:19:00,Saturday,Over 51,Male,Unknown,Unknown,Unknown,Lorry (41?100Q),Owner,Unknown,No defect,Residential areas,Two-way (divided with broken lines road marking),Tangent road with flat terrain,Y Shape,Other,Wet or damp,Daylight,Raining,Collision with pedestrians,2,1,Going straight,na,na,na,na,Driver,Normal,Not a Pedestrian,Changing lane to the right,Slight Injury,13,Afternoon
0:25:00,Saturday,Over 51,Male,Junior high school,Employee,Above 10yr,Other,Owner,Unknown,No defect,Office areas,Double carriageway (median),Gentle horizontal curve,No junction,Asphalt roads,Dry,Darkness - lights lit,Normal,Collision with roadside objects,2,2,Going straight,Driver or rider,Male,5,3,Driver,Normal,Not a Pedestrian,Changing lane to the right,Slight Injury,0,Night
0:25:00,Saturday,18-30,Male,High school,Owner,2-5yr,Public (12 seats),Owner,Unknown,No defect,Office areas,Double carriageway (median),Tangent road with flat terrain,No junction,Asphalt roads,Dry,Darkness - lights lit,Normal,Vehicle with vehicle collision,2,2,Going straight,Pedestrian,Female,18-30,3,Driver,Normal,Crossing from nearside - masked by parked or statioNot a Pedestrianry vehicle,No distancing,Slight Injury,0,Night
15:25:00,Monday,Over 51,Male,Junior high school,Employee,1-2yr,Other,Organization,Unknown,No defect,Other,Double carriageway (median),Tangent road with flat terrain,Y Shape,Asphalt roads,Dry,Daylight,Windy,Vehicle with vehicle collision,2,1,Going straight,Driver or rider,Male,31-50,3,Driver,Normal,Not a Pedestrian,No distancing,Slight Injury,15,Afternoon
15:25:00,Monday,Under 18,Male,Junior high school,Employee,1-2yr,Lorry (11?40Q),Owner,Unknown,No defect,Office areas,Two-way (divided with broken lines road marking),Tangent road with flat terrain,Y Shape,Asphalt roads,Dry,Daylight,Windy,Collision with roadside objects,2,1,Going straight,na,na,na,na,Driver,Normal,Not a Pedestrian,Overturning,Slight Injury,15,Afternoon
15:42:00,Friday,31-50,Male,Above high school,Owner,2-5yr,Other,Owner,Unknown,No defect,Office areas,Unknown,Tangent road with flat terrain,No junction,Asphalt roads with some distress,Dry,Daylight,Normal,Vehicle with vehicle collision,2,1,Going straight,na,na,na,na,Driver,Normal,Not a Pedestrian,Driving at high speed,Slight Injury,15,Afternoon
15:42:00,Friday,Unknown,Female,Unknown,Unknown,Unknown,Other,Governmental,Unknown,Unknown,Office areas,One way,Tangent road with flat terrain,No junction,Unknown,Dry,Daylight,Normal,Vehicle with vehicle collision,2,1,Turnover,Pedestrian,Male,31-50,2,Unknown,Normal,Unknown or other,No priority to vehicle,Slight Injury,15,Afternoon
12:45:00,Friday,18-30,Male,Elementary school,Owner,2-5yr,Other,Owner,Unknown,Unknown,Other,Undivided Two way,Tangent road with flat terrain,No junction,Asphalt roads,Wet or damp,Daylight,Raining,Collision with pedestrians,2,3,Going straight,Driver or rider,Male,18-30,3,Employee,Normal,Not a Pedestrian,No priority to pedestrian,Serious Injury,12,Afternoon
12:45:00,Friday,18-30,Male,Junior high school,Employee,1-2yr,Pick up upto 10Q,Owner,Unknown,Unknown,Residential areas,Unknown,Tangent road with flat terrain,No junction,Asphalt roads,Wet or damp,Daylight,Raining,Vehicle with vehicle collision,2,3,Other,na,na,na,na,Unknown,Unknown,Not a Pedestrian,No priority to vehicle,Serious Injury,12,Afternoon
12:45:00,Friday,Over 51,Male,Unknown,Owner,5-10yr,Automobile,Owner,2-5yrs,No defect,Residential areas,Two-way (divided with broken lines road marking),Gentle horizontal curve,No junction,Asphalt roads,Wet or damp,Daylight,Raining,Collision with pedestrians,2,3,Going straight,na,na,na,na,Driver,Normal,Not a Pedestrian,Other,Serious Injury,12,Afternoon
14:56:00,Friday,Over 51,Male,Junior high school,Employee,Below 1yr,Other,Owner,5-10yrs,Unknown,Church areas,Two-way (divided with broken lines road marking),Tangent road with flat terrain,Y Shape,Asphalt roads,Dry,Daylight,Normal,Vehicle with vehicle collision,2,2,Going straight,Driver or rider,Male,31-50,3,Self-employed,Normal,Not a Pedestrian,Other,Slight Injury,14,Afternoon
14:56:00,Friday,Over 51,Male,Junior high school,Employee,2-5yr,Lorry (41?100Q),Owner,5-10yrs,Unknown,Other,Two-way (divided with broken lines road marking),Tangent road with flat terrain,Y Shape,Earth roads,Dry,Daylight,Normal,Vehicle with vehicle collision,2,2,Going straight,na,na,na,na,Self-employed,Normal,Not a Pedestrian,Moving Backward,Slight Injury,14,Afternoon
16:50:00,Tuesday,Unknown,Male,Junior high school,Employee,5-10yr,Public (13?45 seats),Owner,Unknown,Unknown,Residential areas,Two-way (divided with broken lines road marking),Tangent road with flat terrain,Y Shape,Asphalt roads,Dry,Daylight,Normal,Collision with roadside objects,2,1,Going straight,Pedestrian,Male,18-30,3,Unknown,Unknown,Unknown or other,No distancing,Slight Injury,16,Afternoon
16:50:00,Tuesday,18-30,Male,Junior high school,Employee,Above 10yr,Automobile,Owner,2-5yrs,Unknown,Other,Undivided Two way,Tangent road with flat terrain,Y Shape,Asphalt roads,Dry,Daylight,Normal,Vehicle with vehicle collision,2,1,Going straight,na,na,na,na,Self-employed,Normal,Not a Pedestrian,Moving Backward,Slight Injury,16,Afternoon
6:30:00,Wednesday,18-30,Male,Elementary school,Employee,2-5yr,Pick up upto 10Q,Owner,2-5yrs,Unknown,Residential areas,Undivided Two way,Tangent road with flat terrain,No junction,Asphalt roads,Wet or damp,Daylight,Raining,Vehicle with vehicle collision,1,1,Moving Backward,Driver or rider,Male,18-30,3,Unknown,Unknown,Not a Pedestrian,No priority to vehicle,Slight Injury,6,Morning
16:45:00,Tuesday,Under 18,Male,Elementary school,Owner,Above 10yr,Lorry (41?100Q),Owner,2-5yrs,Unknown,Residential areas,Two-way (divided with broken lines road marking),Tangent road with flat terrain,Crossing,Asphalt roads,Dry,Daylight,Normal,Vehicle with vehicle collision,1,1,Moving Backward,na,na,na,na,Self-employed,Normal,Not a Pedestrian,Driving carelessly,Slight Injury,16,Afternoon
14:30:00,Sunday,18-30,Male,Junior high school,Employee,1-2yr,Public (12 seats),Owner,5-10yrs,No defect,Other,Two-way (divided with broken lines road marking),Tangent road with flat terrain,No junction,Asphalt roads,Dry,Daylight,Normal,Collision with pedestrians,2,2,Moving Backward,Driver or rider,Male,31-50,2,Driver,Normal,Not a Pedestrian,No distancing,Slight Injury,14,Afternoon
14:30:00,Sunday,18-30,Male,Junior high school,Employee,5-10yr,Other,Unknown,Unknown,Unknown,Other,Two-way (divided with broken lines road marking),Tangent road with flat terrain,No junction,Asphalt roads,Dry,Daylight,Normal,Collision with roadside objects,2,2,Other,Passenger,Female,5,3,Self-employed,Normal,Not a Pedestrian,Other,Slight Injury,14,Afternoon
10:00:00,Saturday,18-30,Male,Junior high school,Employee,2-5yr,Lorry (41?100Q),Owner,Unknown,No defect,Other,Undivided Two way,Tangent road with flat terrain,O Shape,Asphalt roads,Dry,Daylight,Normal,Collision with pedestrians,2,1,Going straight,na,na,na,na,Self-employed,Normal,Not a Pedestrian,Changing lane to the right,Slight Injury,10,Morning
10:00:00,Saturday,Over 51,Male,Junior high school,Employee,2-5yr,Pick up upto 10Q,Owner,Unknown,No defect,Other,Double carriageway (median),Tangent road with flat terrain,O Shape,Asphalt roads,Dry,Daylight,Normal,Vehicle with vehicle collision,2,1,Unknown,na,na,na,na,Self-employed,Normal,Not a Pedestrian,No distancing,Slight Injury,10,Morning
7:45:00,Friday,18-30,Male,Junior high school,Employee,2-5yr,Other,Owner,Unknown,Unknown,Residential areas,Two-way (divided with broken lines road marking),Tangent road with flat terrain,Y Shape,Asphalt roads,Wet or damp,Daylight,Raining,Vehicle with vehicle collision,3,1,Turnover,Driver or rider,Male,Under 18,3,Driver,Normal,Not a Pedestrian,Driving carelessly,Slight Injury,7,Morning
7:45:00,Friday,Unknown,Male,Junior high school,Employee,2-5yr,Lorry (41?100Q),Owner,2-5yrs,Unknown,Recreational areas,Undivided Two way,Tangent road with flat terrain,Y Shape,Asphalt roads,Wet or damp,Daylight,Raining,Vehicle with vehicle collision,3,1,Getting off,Driver or rider,Male,31-50,3,Employee,Normal,Not a Pedestrian,No distancing,Slight Injury,7,Morning
7:45:00,Friday,18-30,Male,Junior high school,Employee,Above 10yr,Ridden horse,Owner,Unknown,Unknown,Other,other,Tangent road with flat terrain,Y Shape,Asphalt roads,Wet or damp,Daylight,Raining,Vehicle with vehicle collision,3,1,Going straight,na,na,na,na,Unknown,Normal,Not a Pedestrian,No priority to vehicle,Slight Injury,7,Morning
19:45:00,Friday,18-30,Male,Junior high school,Employee,Above 10yr,Automobile,Owner,Unknown,Unknown,Office areas,Undivided Two way,Tangent road with flat terrain,Crossing,Gravel roads,Dry,Darkness - lights lit,Normal,Vehicle with vehicle collision,2,4,Going straight,Driver or rider,Female,18-30,3,Unknown,Unknown,Not a Pedestrian,Changing lane to the right,Slight Injury,19,Evening
19:45:00,Friday,18-30,Male,Elementary school,Employee,5-10yr,Automobile,Unknown,Unknown,Unknown,Other,Undivided Two way,Tangent road with flat terrain,Crossing,Asphalt roads,Dry,Darkness - lights lit,Normal,Collision with roadside objects,2,4,Going straight,na,na,na,na,Unknown,Unknown,Not a Pedestrian,No priority to pedestrian,Slight Injury,19,Evening